,Count,MAE,RMSE,R²,MAPE,Avg_Actual,Avg_Predicted
Breakfast,97.0,786.2345151713555,1187.250661974866,0.07512533666509558,82.26375214781521,1585.6015463917524,1086.7601182129151
Lunch,98.0,604.6814868645374,875.8122428689876,0.17643598352049172,100.96427321962234,1133.970918367347,864.1694384770767
Dinner,97.0,1335.0732981619187,1897.210680207483,0.12711310054764557,42.21133275982531,3607.602577319588,2831.779739602586
