{
  "baseline_metrics": {
    "mae": 2997.8495721238583,
    "mape": 2871846488962.6147,
    "r2": 0.47732205160797825
  },
  "best_metrics": {
    "mae": 2630.6934966876647,
    "mape": 2832091151392.587,
    "r2": 0.5438355161432391
  },
  "timestamp": "2025-07-06T17:28:41.447692"
}