Tier,Test_MAE,Test_RMSE,Test_R2,Test_MAPE,Within_10_pct
Tier 1 (24 features),447.0978592794236,868.1006444110308,0.7746938128990792,25.42541201884743,48.28767123287671
Tier 2 (61 features),516.1192913352627,1021.8052668912106,0.6878457626803576,27.336254456349195,48.97260273972603
Tier 3 (119 features),453.8183171471504,925.9532706461571,0.7436631159619479,22.634175072966634,56.849315068493155
